﻿<?xml version="1.0"?>
<Game>
	<Title>I Wanna Be The Engineer</Title>
	<Code>IWB</Code>
	<Version>100</Version>
	<Date>20-06-2014</Date>
	<Description>Boxhead</Description>
	<MainClass name="IWBTE" file="./games/Proyecto 1.1/IWBTE.py"/>

	<Authors>
		<Author name="Adrián Soto"/>
		<Author name="María Fernanda Sepúlveda"/>
		<Author name="Vicente Domínguez"/>
		
	</Authors>
	<Screenshots>
		<Screenshot src="./games/Proyecto 1.1/imagenes/Intro.png"/>	
	</Screenshots>
	<Services>		
	</Services>
	<AdditionalData>
	</AdditionalData>
</Game>
